chr,corr,R^2,MSE
chr1,0.876576613642758,0.7034718416032846,0.008973353954550036
chr2,0.8324099221196999,0.4585992962870359,0.007617898621451047
chr3,0.8664421349366767,0.7184501318843364,0.008037448204471628
chr4,0.8234166845337011,0.6321074693867008,0.011513244881764377
chr5,0.8136437260136795,0.6482313737368756,0.00821408585833781
chr6,0.7599521904946956,0.5730703151583334,0.01093530919267257
chr7,0.877997625087795,0.712167770582971,0.01045134143989212
chr8,0.8819757121937771,0.738433573925958,0.007634308088983228
chr9,0.9252191438391122,0.7303810084458311,0.011457122951245463
chr10,0.6265957521570151,0.32858219821253754,0.04996535092671474
chr11,0.8700656687416228,0.689173481956741,0.010802093240217374
chr12,0.9308756573981479,0.6695832974485856,0.02071468639183547
